Workbook

Sheet Abb1.
B2: Abbildung 1. Männer und Frauen (alle Bereiche)
B4: Category | C4: Women | D4: Men
B5: Work | C5: 3.3536 | D5: 3.1708
B6: Child Care | C6: 3.5773 | D6: 3.4809
B7: Finance | C7: 2.8426 | D7: 2.7219
B8: Family | C8: 2.9124 | D8: 2.7377
B9: Overall | C9: 3.4754 | D9: 3.2791

Sheet Abb2.
B2: Abbildung 2. Männer und Frauen am meistens belasted (mit Kita-Kindern)
C4: Women | D4: Men
B5: Work | C5: 0.5769 | D5: 0.4927
B6: Child Care | C6: 0.6502 | D6: 0.6371
B7: Finance | C7: 0.3876 | D7: 0.3523
B8: Family | C8: 0.4463 | D8: 0.348
B9: Overall | C9: 0.6411 | D9: 0.5109

Sheet Abb3.
B2: Abbildung 3. Männer und Frauen am meistens belasted (mit Grundschulkindern)
C4: Women | D4: Men
B5: Work | C5: 0.6118 | D5: 0.3751
B6: Child Care | C6: 0.7298 | D6: 0.6331
B7: Finance | C7: 0.428 | D7: 0.2418
B8: Family | C8: 0.4248 | D8: 0.2713
B9: Overall | C9: 0.711 | D9: 0.4107

Sheet Abb4.
B2: Abbildung 4. Männer und Frauen am meistens belasted (mit Sekundarschulkindern)
C4: Women | D4: Men
B5: Work | C5: 0.4815 | D5: 0.366
B6: Child Care | C6: 0.4324 | D6: 0.4248
B7: Finance | C7: 0.348 | D7: 0.2814
B8: Family | C8: 0.3039 | D8: 0.2958
B9: Overall | C9: 0.449 | D9: 0.4448

Sheet Abb.5
B2: Abbildung 5. Männer und Frauen am meistens belasted (ohne <16Ja Kindern)
C4: Women | D4: Men
B5: Work | C5: 0.4417 | D5: 0.3832
B6: Child Care | C6: 0.1967 | D6: 0.2506
B7: Finance | C7: 0.2633 | D7: 0.2368
B8: Family | C8: 0.2691 | D8: 0.1998
B9: Overall | C9: 0.4455 | D9: 0.3774

Sheet Abb. 6
B2: Abb. 6: H3 - Belastung durch Kita und Schulschließungen
E4: Women | F4: Men
B5: Overall | E5: 8.5204 | F5: 8.1825
B6: Child in Kita | E6: 8.1808 | F6: 8.1298
B7: Child in Primary School | E7: 9.2134 | F7: 8.5805
B8: Child in Secundary School | E8: 8.6065 | F8: 7.9371
B9: No Children under 16yo | E9: 7.9838 | F9: 7.6291

Sheet Abb7.
B2: Abb. 7: Arbeitsbelastung
E4: Women | F4: Men
B5: with Child in Kita | E5: =('Abb2.'!C5) -> 0.5769 | F5: =('Abb2.'!D5) -> 0.4927
B6: with Child in Primary School | E6: =('Abb3.'!C5) -> 0.6118 | F6: =('Abb3.'!D5) -> 0.3751
B7: with Child in Secundary School | E7: =('Abb4.'!C5) -> 0.4815 | F7: =('Abb4.'!D5) -> 0.366
B8: w/o Children under 16yo | E8: =(Abb.5!C5) -> 0.4417 | F8: =(Abb.5!D5) -> 0.3832

Sheet Abb8.
B2: Abb. 8: Belastung Kinderbetreuung
E4: Women | F4: Men
B5: with Child in Kita | E5: =('Abb2.'!C6) -> 0.6502 | F5: =('Abb2.'!D6) -> 0.6371
B6: with Child in Primary School | E6: =('Abb3.'!C6) -> 0.7298 | F6: =('Abb3.'!D6) -> 0.6331
B7: with Child in Secundary School | E7: =('Abb4.'!C6) -> 0.4324 | F7: =('Abb4.'!D6) -> 0.4248
B8: w/o Children under 16yo | E8: =(Abb.5!C6) -> 0.1967 | F8: =(Abb.5!D6) -> 0.2506

Sheet Abb9.
B2: Abb. 9: Finanziele Belastung
E4: Women | F4: Men
B5: with Child in Kita | E5: =('Abb2.'!C7) -> 0.3876 | F5: =('Abb2.'!D7) -> 0.3523
B6: with Child in Primary School | E6: =('Abb3.'!C7) -> 0.428 | F6: =('Abb3.'!D7) -> 0.2418
B7: with Child in Secundary School | E7: =('Abb4.'!C7) -> 0.348 | F7: =('Abb4.'!D7) -> 0.2814
B8: w/o Children under 16yo | E8: =(Abb.5!C7) -> 0.2633 | F8: =(Abb.5!D7) -> 0.2368

Sheet Abb10.
B2: Abb. 10: Familien Belastung
E4: Women | F4: Men
B5: with Child in Kita | E5: =('Abb2.'!C8) -> 0.4463 | F5: =('Abb2.'!D8) -> 0.348
B6: with Child in Primary School | E6: =('Abb3.'!C8) -> 0.4248 | F6: =('Abb3.'!D8) -> 0.2713
B7: with Child in Secundary School | E7: =('Abb4.'!C8) -> 0.3039 | F7: =('Abb4.'!D8) -> 0.2958
B8: w/o Children under 16yo | E8: =(Abb.5!C8) -> 0.2691 | F8: =(Abb.5!D8) -> 0.1998

Sheet Abb11.
B2: Abb. 11: Belastung Allgemein
E4: Women | F4: Men
B5: with Child in Kita | E5: =('Abb2.'!C9) -> 0.6411 | F5: =('Abb2.'!D9) -> 0.5109
B6: with Child in Primary School | E6: =('Abb3.'!C9) -> 0.711 | F6: =('Abb3.'!D9) -> 0.4107
B7: with Child in Secundary School | E7: =('Abb4.'!C9) -> 0.449 | F7: =('Abb4.'!D9) -> 0.4448
B8: w/o Children under 16yo | E8: =(Abb.5!C9) -> 0.4455 | F8: =(Abb.5!D9) -> 0.3774
